Plot,count
Plot60,16
Plot572,16
Plot561,16
Plot562,16
Plot563,16
Plot564,16
Plot565,16
Plot566,16
Plot567,16
Plot568,16
Plot569,16
Plot57,16
Plot570,16
Plot571,16
Plot573,16
Plot56,16
Plot574,16
Plot575,16
Plot576,16
Plot577,16
Plot578,16
Plot579,16
Plot58,16
Plot580,16
Plot581,16
Plot582,16
Plot583,16
Plot584,16
Plot560,16
Plot559,16
Plot586,16
Plot545,16
Plot534,16
Plot535,16
Plot536,16
Plot537,16
Plot538,16
Plot539,16
Plot54,16
Plot540,16
Plot541,16
Plot542,16
Plot543,16
Plot544,16
Plot546,16
Plot558,16
Plot547,16
Plot548,16
Plot549,16
Plot55,16
Plot550,16
Plot551,16
Plot552,16
Plot553,16
Plot554,16
Plot555,16
Plot556,16
Plot557,16
Plot585,16
Plot587,16
Plot425,16
Plot626,16
Plot615,16
Plot616,16
Plot617,16
Plot618,16
Plot619,16
Plot62,16
Plot620,16
Plot621,16
Plot622,16
Plot623,16
Plot624,16
Plot625,16
Plot627,16
Plot613,16
Plot628,16
Plot629,16
Plot875,16
Plot630,16
Plot631,16
Plot632,16
Plot633,16
Plot634,16
Plot635,16
Plot636,16
Plot637,16
Plot638,16
Plot614,16
Plot612,16
Plot588,16
Plot877,16
Plot589,16
Plot59,16
Plot590,16
Plot591,16
Plot592,16
Plot593,16
Plot594,16
Plot595,16
Plot596,16
Plot597,16
Plot598,16
Plot599,16
Plot876,16
Plot611,16
Plot600,16
Plot601,16
Plot602,16
Plot603,16
Plot604,16
Plot605,16
Plot606,16
Plot607,16
Plot608,16
Plot609,16
Plot61,16
Plot610,16
Plot533,16
Plot532,16
Plot531,16
Plot465,16
Plot454,16
Plot455,16
Plot456,16
Plot457,16
Plot458,16
Plot459,16
Plot46,16
Plot460,16
Plot461,16
Plot462,16
Plot463,16
Plot464,16
Plot466,16
Plot452,16
Plot467,16
Plot468,16
Plot469,16
Plot47,16
Plot470,16
Plot471,16
Plot472,16
Plot473,16
Plot474,16
Plot475,16
Plot476,16
Plot477,16
Plot453,16
Plot451,16
Plot530,16
Plot438,16
Plot427,16
Plot428,16
Plot429,16
Plot88,16
Plot430,16
Plot431,16
Plot432,16
Plot433,16
Plot434,16
Plot435,16
Plot436,16
Plot437,16
Plot439,16
Plot450,16
Plot879,16
Plot440,16
Plot441,16
Plot442,16
Plot443,16
Plot444,16
Plot445,16
Plot446,16
Plot447,16
Plot448,16
Plot449,16
Plot45,16
Plot478,16
Plot479,16
Plot48,16
Plot518,16
Plot507,16
Plot508,16
Plot509,16
Plot51,16
Plot510,16
Plot511,16
Plot512,16
Plot513,16
Plot514,16
Plot515,16
Plot516,16
Plot517,16
Plot519,16
Plot480,16
Plot52,16
Plot520,16
Plot521,16
Plot522,16
Plot523,16
Plot524,16
Plot525,16
Plot526,16
Plot527,16
Plot528,16
Plot529,16
Plot53,16
Plot506,16
Plot505,16
Plot504,16
Plot503,16
Plot481,16
Plot482,16
Plot483,16
Plot484,16
Plot485,16
Plot486,16
Plot487,16
Plot488,16
Plot489,16
Plot49,16
Plot490,16
Plot491,16
Plot492,16
Plot493,16
Plot494,16
Plot495,16
Plot496,16
Plot497,16
Plot498,16
Plot499,16
Plot878,16
Plot50,16
Plot500,16
Plot501,16
Plot502,16
Plot639,16
Plot874,16
Plot640,16
Plot790,16
Plot78,16
Plot780,16
Plot781,16
Plot782,16
Plot783,16
Plot784,16
Plot785,16
Plot786,16
Plot787,16
Plot788,16
Plot789,16
Plot79,16
Plot791,16
Plot778,16
Plot792,16
Plot793,16
Plot794,16
Plot795,16
Plot796,16
Plot797,16
Plot798,16
Plot799,16
Plot860,16
Plot80,16
Plot800,16
Plot801,16
Plot779,16
Plot777,16
Plot750,16
Plot763,16
Plot752,16
Plot753,16
Plot754,16
Plot755,16
Plot756,16
Plot757,16
Plot758,16
Plot759,16
Plot76,16
Plot760,16
Plot761,16
Plot762,16
Plot764,16
Plot861,16
Plot765,16
Plot766,16
Plot767,16
Plot768,16
Plot769,16
Plot77,16
Plot770,16
Plot771,16
Plot772,16
Plot773,16
Plot774,16
Plot862,16
Plot802,16
Plot803,16
Plot804,16
Plot843,16
Plot832,16
Plot833,16
Plot834,16
Plot835,16
Plot859,16
Plot858,16
Plot838,16
Plot839,16
Plot84,16
Plot840,16
Plot841,16
Plot842,16
Plot844,16
Plot805,16
Plot845,16
Plot846,16
Plot847,16
Plot848,16
Plot849,16
Plot85,16
Plot850,16
Plot851,16
Plot852,16
Plot853,16
Plot854,16
Plot855,16
Plot831,16
Plot830,16
Plot83,16
Plot829,16
Plot86,16
Plot807,16
Plot808,16
Plot809,16
Plot81,16
Plot810,16
Plot811,16
Plot812,16
Plot813,16
Plot814,16
Plot815,16
Plot816,16
Plot817,16
Plot818,16
Plot819,16
Plot82,16
Plot820,16
Plot821,16
Plot822,16
Plot823,16
Plot824,16
Plot825,16
Plot826,16
Plot827,16
Plot828,16
Plot751,16
Plot75,16
Plot641,16
Plot680,16
Plot871,16
Plot670,16
Plot671,16
Plot672,16
Plot673,16
Plot674,16
Plot675,16
Plot676,16
Plot677,16
Plot678,16
Plot679,16
Plot870,16
Plot681,16
Plot668,16
Plot682,16
Plot683,16
Plot684,16
Plot685,16
Plot686,16
Plot687,16
Plot688,16
Plot689,16
Plot87,16
Plot690,16
Plot691,16
Plot692,16
Plot669,16
Plot667,16
Plot749,16
Plot653,16
Plot642,16
Plot643,16
Plot644,16
Plot645,16
Plot646,16
Plot647,16
Plot648,16
Plot649,16
Plot873,16
Plot650,16
Plot651,16
Plot652,16
Plot654,16
Plot666,16
Plot655,16
Plot656,16
Plot657,16
Plot658,16
Plot659,16
Plot872,16
Plot660,16
Plot661,16
Plot662,16
Plot663,16
Plot664,16
Plot665,16
Plot693,16
Plot694,16
Plot695,16
Plot736,16
Plot725,16
Plot726,16
Plot727,16
Plot728,16
Plot729,16
Plot865,16
Plot730,16
Plot731,16
Plot732,16
Plot733,16
Plot734,16
Plot735,16
Plot737,16
Plot696,16
Plot738,16
Plot739,16
Plot864,16
Plot740,16
Plot741,16
Plot742,16
Plot743,16
Plot863,16
Plot745,16
Plot746,16
Plot747,16
Plot748,16
Plot724,16
Plot723,16
Plot722,16
Plot721,16
Plot697,16
Plot698,16
Plot699,16
Plot869,16
Plot700,16
Plot701,16
Plot702,16
Plot703,16
Plot704,16
Plot705,16
Plot706,16
Plot707,16
Plot708,16
Plot709,16
Plot710,16
Plot711,16
Plot712,16
Plot713,16
Plot714,16
Plot715,16
Plot716,16
Plot717,16
Plot718,16
Plot719,16
Plot720,16
Plot857,16
Plot426,16
Plot424,16
Plot918,16
Plot152,16
Plot153,16
Plot154,16
Plot155,16
Plot923,16
Plot922,16
Plot921,16
Plot920,16
Plot16,16
Plot92,16
Plot919,16
Plot917,16
Plot150,16
Plot916,16
Plot915,16
Plot166,16
Plot167,16
Plot168,16
Plot169,16
Plot17,16
Plot170,16
Plot171,16
Plot172,16
Plot173,16
Plot151,16
Plot15,16
Plot123,16
Plot137,16
Plot937,16
Plot936,16
Plot935,16
Plot934,16
Plot933,16
Plot932,16
Plot931,16
Plot93,16
Plot927,16
Plot926,16
Plot925,16
Plot138,16
Plot149,16
Plot139,16
Plot924,16
Plot140,16
Plot141,16
Plot142,16
Plot143,16
Plot144,16
Plot145,16
Plot146,16
Plot147,16
Plot148,16
Plot174,16
Plot175,16
Plot176,16
Plot211,16
Plot201,16
Plot202,16
Plot203,16
Plot204,16
Plot205,16
Plot206,16
Plot207,16
Plot208,16
Plot423,16
Plot21,16
Plot210,16
Plot212,16
Plot177,16
Plot213,16
Plot214,16
Plot215,16
Plot216,16
Plot217,16
Plot905,16
Plot904,16
Plot22,16
Plot903,16
Plot902,16
Plot901,16
Plot200,16
Plot20,16
Plot906,16
Plot199,16
Plot178,16
Plot179,16
Plot18,16
Plot180,16
Plot181,16
Plot182,16
Plot183,16
Plot184,16
Plot185,16
Plot186,16
Plot914,16
Plot913,16
Plot912,16
Plot19,16
Plot911,16
Plot910,16
Plot91,16
Plot909,16
Plot908,16
Plot907,16
Plot196,16
Plot197,16
Plot198,16
Plot124,16
Plot122,16
Plot90,16
Plot1059,16
Plot1040,16
Plot1041,16
Plot1042,16
Plot1043,16
Plot1044,16
Plot999,16
Plot998,16
Plot997,16
Plot996,16
Plot995,16
Plot1056,16
Plot106,16
Plot1038,16
Plot1060,16
Plot1061,16
Plot1062,16
Plot1063,16
Plot1064,16
Plot1065,16
Plot1066,16
Plot1067,16
Plot1068,16
Plot1069,16
Plot107,16
Plot1039,16
Plot1037,16
Plot121,16
Plot1011,16
Plot1000,16
Plot1001,16
Plot1002,16
Plot1003,16
Plot1004,16
Plot1005,16
Plot1006,16
Plot1007,16
Plot1008,16
Plot1009,16
Plot1010,16
Plot1012,16
Plot1036,16
Plot1013,16
Plot1014,16
Plot1027,16
Plot1028,16
Plot1029,16
Plot1030,16
Plot1031,16
Plot1032,16
Plot1033,16
Plot1034,16
Plot1035,16
Plot1070,16
Plot1071,16
Plot1072,16
Plot941,16
Plot951,16
Plot950,16
Plot949,16
Plot111,16
Plot948,16
Plot947,16
Plot946,16
Plot945,16
Plot944,16
Plot943,16
Plot942,16
Plot940,16
Plot1073,16
Plot112,16
Plot939,16
Plot113,16
Plot114,16
Plot115,16
Plot116,16
Plot117,16
Plot118,16
Plot119,16
Plot938,16
Plot120,16
Plot1105,16
Plot1104,16
Plot1103,16
Plot1102,16
Plot1074,16
Plot1075,16
Plot108,16
Plot958,16
Plot957,16
Plot956,16
Plot955,16
Plot954,16
Plot953,16
Plot109,16
Plot1091,16
Plot1092,16
Plot1093,16
Plot1094,16
Plot1095,16
Plot1096,16
Plot1097,16
Plot1098,16
Plot1099,16
Plot952,16
Plot110,16
Plot1100,16
Plot1101,16
Plot900,16
Plot209,16
Plot336,16
Plot373,16
Plot888,16
Plot350,16
Plot351,16
Plot352,16
Plot353,16
Plot354,16
Plot355,16
Plot356,16
Plot357,16
Plot358,16
Plot359,16
Plot887,16
Plot360,16
Plot361,16
Plot362,16
Plot363,16
Plot364,16
Plot365,16
Plot366,16
Plot367,16
Plot368,16
Plot369,16
Plot886,16
Plot370,16
Plot371,16
Plot349,16
Plot348,16
Plot347,16
Plot334,16
Plot324,16
Plot325,16
Plot326,16
Plot327,16
Plot328,16
Plot329,16
Plot89,16
Plot330,16
Plot331,16
Plot332,16
Plot333,16
Plot335,16
Plot346,16
Plot226,16
Plot337,16
Plot338,16
Plot339,16
Plot889,16
Plot340,16
Plot341,16
Plot342,16
Plot343,16
Plot344,16
Plot345,16
Plot372,16
Plot374,16
Plot322,16
Plot375,16
Plot400,16
Plot401,16
Plot402,16
Plot403,16
Plot404,16
Plot405,16
Plot406,16
Plot407,16
Plot408,16
Plot409,16
Plot881,16
Plot410,16
Plot411,16
Plot412,16
Plot413,16
Plot414,16
Plot415,16
Plot416,16
Plot417,16
Plot418,16
Plot419,16
Plot880,16
Plot420,16
Plot421,16
Plot422,16
Plot882,16
Plot883,16
Plot399,16
Plot386,16
Plot376,16
Plot377,16
Plot378,16
Plot379,16
Plot885,16
Plot380,16
Plot381,16
Plot382,16
Plot383,16
Plot384,16
Plot385,16
Plot387,16
Plot398,16
Plot388,16
Plot389,16
Plot884,16
Plot390,16
Plot391,16
Plot392,16
Plot393,16
Plot394,16
Plot395,16
Plot396,16
Plot397,16
Plot323,16
Plot856,16
Plot321,16
Plot894,16
Plot255,16
Plot256,16
Plot257,16
Plot258,16
Plot259,16
Plot26,16
Plot260,16
Plot261,16
Plot262,16
Plot263,16
Plot264,16
Plot265,16
Plot266,16
Plot267,16
Plot268,16
Plot269,16
Plot27,16
Plot320,16
Plot271,16
Plot272,16
Plot273,16
Plot274,16
Plot275,16
Plot276,16
Plot277,16
Plot254,16
Plot895,16
Plot279,16
Plot896,16
Plot227,16
Plot228,16
Plot229,16
Plot23,16
Plot230,16
Plot231,16
Plot232,16
Plot233,16
Plot234,16
Plot235,16
Plot236,16
Plot237,16
Plot238,16
Plot239,16
Plot24,16
Plot240,16
Plot241,16
Plot242,16
Plot243,16
Plot244,16
Plot245,16
Plot246,16
Plot247,16
Plot248,16
Plot25,16
Plot278,16
Plot270,16
Plot312,16
Plot302,16
Plot297,16
Plot298,16
Plot310,16
Plot313,16
Plot316,16
Plot891,16
Plot30,16
Plot300,16
Plot301,16
Plot315,16
Plot295,16
Plot303,16
Plot304,16
Plot305,16
Plot306,16
Plot307,16
Plot314,16
Plot308,16
Plot309,16
Plot31,16
Plot296,16
Plot299,16
Plot294,16
Plot286,16
Plot890,16
Plot319,16
Plot28,16
Plot318,16
Plot317,16
Plot311,16
Plot893,16
Plot892,16
Plot282,16
Plot283,16
Plot284,16
Plot293,16
Plot285,16
Plot287,16
Plot290,16
Plot292,16
Plot291,16
Plot289,16
Plot29,16
Plot288,16
Plot1126,11
Plot1128,11
Plot1136,11
Plot1134,11
Plot1135,11
Plot1133,11
Plot1132,11
Plot1129,11
Plot1130,11
Plot1131,11
Plot1127,11
Plot1122,11
Plot1125,11
Plot1124,11
Plot1123,11
Plot1121,11
Plot1090,11
Plot1089,11
Plot1058,11
Plot1057,11
Plot1026,11
Plot928,9
Plot866,9
Plot930,9
Plot97,9
Plot95,9
Plot94,9
Plot867,9
Plot899,9
Plot898,9
Plot98,9
Plot868,9
Plot959,9
Plot96,9
Plot960,9
Plot993,9
Plot99,9
Plot9,9
Plot10,9
Plot837,9
Plot156,9
Plot1116,9
Plot1115,9
Plot1114,9
Plot1113,9
Plot1112,9
Plot1111,9
Plot1110,9
Plot1109,9
Plot1108,9
Plot1107,9
Plot1106,9
Plot11,9
Plot1088,9
Plot1087,9
Plot1086,9
Plot1117,9
Plot1118,9
Plot1119,9
Plot130,9
Plot136,9
Plot135,9
Plot134,9
Plot133,9
Plot132,9
Plot131,9
Plot13,9
Plot1120,9
Plot129,9
Plot128,9
Plot127,9
Plot126,9
Plot125,9
Plot12,9
Plot1085,9
Plot1084,9
Plot1083,9
Plot102,9
Plot104,9
Plot103,9
Plot1023,9
Plot1022,9
Plot1021,9
Plot1020,9
Plot1019,9
Plot1046,9
Plot1018,9
Plot1017,9
Plot1016,9
Plot1015,9
Plot101,9
Plot836,9
Plot1045,9
Plot1047,9
Plot1082,9
Plot1055,9
Plot1081,9
Plot1080,9
Plot1079,9
Plot1078,9
Plot1077,9
Plot1076,9
Plot1054,9
Plot1048,9
Plot1053,9
Plot1052,9
Plot1051,9
Plot1050,9
Plot105,9
Plot1049,9
Plot14,9
Plot1024,9
Plot157,9
Plot41,9
Plot100,9
Plot6,9
Plot5,9
Plot44,9
Plot43,9
Plot42,9
Plot40,9
Plot64,9
Plot4,9
Plot39,9
Plot38,9
Plot37,9
Plot36,9
Plot35,9
Plot63,9
Plot65,9
Plot33,9
Plot74,9
Plot806,9
Plot158,9
Plot8,9
Plot776,9
Plot775,9
Plot744,9
Plot72,9
Plot66,9
Plot71,9
Plot70,9
Plot7,9
Plot69,9
Plot68,9
Plot67,9
Plot34,9
Plot73,9
Plot32,9
Plot187,9
Plot193,9
Plot192,9
Plot191,9
Plot190,9
Plot189,9
Plot188,9
Plot165,9
Plot195,9
Plot164,9
Plot162,9
Plot161,9
Plot159,9
Plot3,9
Plot160,9
Plot194,9
Plot163,9
Plot2,9
Plot225,9
Plot281,9
Plot280,9
Plot218,9
Plot252,9
Plot251,9
Plot250,9
Plot249,9
Plot253,9
Plot220,9
Plot223,9
Plot224,9
Plot222,9
Plot221,9
Plot219,9
Plot1294,4
Plot1298,4
Plot1297,4
Plot1296,4
Plot1295,4
Plot1312,4
Plot1293,4
Plot1292,4
Plot1299,4
Plot1290,4
Plot1289,4
Plot1288,4
Plot1291,4
Plot1301,4
Plot1300,4
Plot1302,4
Plot1303,4
Plot1304,4
Plot1305,4
Plot1313,4
Plot1306,4
Plot1307,4
Plot1308,4
Plot1309,4
Plot1310,4
Plot1311,4
Plot1286,4
Plot1287,4
Plot1270,4
Plot1285,4
Plot1284,4
Plot1257,4
Plot1315,4
Plot1258,4
Plot1259,4
Plot1260,4
Plot1261,4
Plot1262,4
Plot1263,4
Plot1264,4
Plot1265,4
Plot1266,4
Plot1267,4
Plot1268,4
Plot1269,4
Plot1271,4
Plot1272,4
Plot1273,4
Plot1274,4
Plot1275,4
Plot1276,4
Plot1277,4
Plot1278,4
Plot1279,4
Plot1280,4
Plot1281,4
Plot1282,4
Plot1283,4
Plot1314,4
Plot967,4
Plot1316,4
Plot1317,4
Plot966,4
Plot968,4
Plot969,4
Plot970,4
Plot971,4
Plot972,4
Plot973,4
Plot974,4
Plot975,4
Plot976,4
Plot977,4
Plot978,4
Plot979,4
Plot980,4
Plot981,4
Plot982,4
Plot983,4
Plot984,4
Plot985,4
Plot986,4
Plot987,4
Plot988,4
Plot989,4
Plot990,4
Plot991,4
Plot992,4
Plot1255,4
Plot965,4
Plot964,4
Plot963,4
Plot1330,4
Plot1318,4
Plot1319,4
Plot1320,4
Plot1321,4
Plot1322,4
Plot1323,4
Plot1324,4
Plot1325,4
Plot1326,4
Plot1327,4
Plot1328,4
Plot1329,4
Plot1331,4
Plot962,4
Plot1332,4
Plot1333,4
Plot1334,4
Plot1335,4
Plot1336,4
Plot1337,4
Plot1338,4
Plot1339,4
Plot1340,4
Plot897,4
Plot929,4
Plot961,4
Plot1256,4
Plot1184,4
Plot1254,4
Plot1253,4
Plot1165,4
Plot1166,4
Plot1167,4
Plot1168,4
Plot1169,4
Plot1170,4
Plot1171,4
Plot1172,4
Plot1173,4
Plot1174,4
Plot1175,4
Plot1176,4
Plot1177,4
Plot1178,4
Plot1179,4
Plot1180,4
Plot1181,4
Plot1182,4
Plot1183,4
Plot1185,4
Plot1186,4
Plot1187,4
Plot1188,4
Plot1189,4
Plot1190,4
Plot1191,4
Plot1192,4
Plot1164,4
Plot1163,4
Plot1162,4
Plot1147,4
Plot1,4
Plot1025,4
Plot1137,4
Plot1138,4
Plot1139,4
Plot1140,4
Plot1141,4
Plot1142,4
Plot1143,4
Plot1144,4
Plot1145,4
Plot1146,4
Plot1148,4
Plot1161,4
Plot1149,4
Plot1150,4
Plot1151,4
Plot1152,4
Plot1153,4
Plot1154,4
Plot1155,4
Plot1156,4
Plot1157,4
Plot1158,4
Plot1159,4
Plot1160,4
Plot1193,4
Plot1194,4
Plot1195,4
Plot1239,4
Plot1227,4
Plot1228,4
Plot1229,4
Plot1230,4
Plot1231,4
Plot1232,4
Plot1233,4
Plot1234,4
Plot1235,4
Plot1236,4
Plot1237,4
Plot1238,4
Plot1240,4
Plot1225,4
Plot1241,4
Plot1242,4
Plot1243,4
Plot1244,4
Plot1245,4
Plot1246,4
Plot1247,4
Plot1248,4
Plot1249,4
Plot1250,4
Plot1251,4
Plot1252,4
Plot1226,4
Plot1224,4
Plot1196,4
Plot1209,4
Plot1197,4
Plot1198,4
Plot1199,4
Plot1200,4
Plot1201,4
Plot1202,4
Plot1203,4
Plot1204,4
Plot1205,4
Plot1206,4
Plot1207,4
Plot1208,4
Plot1210,4
Plot1223,4
Plot1211,4
Plot1212,4
Plot1213,4
Plot1214,4
Plot1215,4
Plot1216,4
Plot1217,4
Plot1218,4
Plot1219,4
Plot1220,4
Plot1221,4
Plot1222,4
Plot994,4
